R,B,xD,QR,xF,R_over_R_plus_1,R_times_xF,alpha_approx,R_min_approx,R_factor
0.8,1.0,0.946132,-213365.0,0.2,0.4444444444444445,0.16000000000000003,3.992,0.3342245989304813,2.3936
0.8,1.33333,0.946144,-254215.0,0.2,0.4444444444444445,0.16000000000000003,3.992,0.3342245989304813,2.3936
0.8,1.66667,0.946168,-287206.0,0.2,0.4444444444444445,0.16000000000000003,3.992,0.3342245989304813,2.3936
0.8,2.0,0.946205,-314409.0,0.2,0.4444444444444445,0.16000000000000003,3.992,0.3342245989304813,2.3936
0.8,2.33333,0.946256,-337223.0,0.2,0.4444444444444445,0.16000000000000003,3.992,0.3342245989304813,2.3936
0.8,2.66667,0.946317,-356632.0,0.2,0.4444444444444445,0.16000000000000003,3.992,0.3342245989304813,2.3936
0.8,3.0,0.946387,-373344.0,0.2,0.4444444444444445,0.16000000000000003,3.992,0.3342245989304813,2.3936
1.5,1.0,0.942752,-320593.0,0.2,0.6,0.30000000000000004,3.992,0.3342245989304813,4.4879999999999995
1.5,1.33333,0.942769,-390276.0,0.2,0.6,0.30000000000000004,3.992,0.3342245989304813,4.4879999999999995
1.5,1.66667,0.942806,-448807.0,0.2,0.6,0.30000000000000004,3.992,0.3342245989304813,4.4879999999999995
1.5,2.0,0.942867,-498664.0,0.2,0.6,0.30000000000000004,3.992,0.3342245989304813,4.4879999999999995
1.5,2.33333,0.94295,-541642.0,0.2,0.6,0.30000000000000004,3.992,0.3342245989304813,4.4879999999999995
1.5,2.66667,0.943054,-579074.0,0.2,0.6,0.30000000000000004,3.992,0.3342245989304813,4.4879999999999995
1.5,3.0,0.943174,-611968.0,0.2,0.6,0.30000000000000004,3.992,0.3342245989304813,4.4879999999999995
2.2,1.0,0.939461,-392081.0,0.2,0.6875,0.44000000000000006,3.992,0.3342245989304813,6.582400000000001
2.2,1.33333,0.939473,-484324.0,0.2,0.6875,0.44000000000000006,3.992,0.3342245989304813,6.582400000000001
2.2,1.66667,0.939514,-563925.0,0.2,0.6875,0.44000000000000006,3.992,0.3342245989304813,6.582400000000001
2.2,2.0,0.939587,-633318.0,0.2,0.6875,0.44000000000000006,3.992,0.3342245989304813,6.582400000000001
2.2,2.33333,0.939693,-694347.0,0.2,0.6875,0.44000000000000006,3.992,0.3342245989304813,6.582400000000001
2.2,2.66667,0.939828,-748442.0,0.2,0.6875,0.44000000000000006,3.992,0.3342245989304813,6.582400000000001
2.2,3.0,0.939987,-796717.0,0.2,0.6875,0.44000000000000006,3.992,0.3342245989304813,6.582400000000001
2.9,1.0,0.936339,-443147.0,0.2,0.7435897435897436,0.58,3.992,0.3342245989304813,8.6768
2.9,1.33333,0.936335,-553214.0,0.2,0.7435897435897436,0.58,3.992,0.3342245989304813,8.6768
2.9,1.66667,0.936367,-650095.0,0.2,0.7435897435897436,0.58,3.992,0.3342245989304813,8.6768
2.9,2.0,0.93644,-736025.0,0.2,0.7435897435897436,0.58,3.992,0.3342245989304813,8.6768
2.9,2.33333,0.936554,-812762.0,0.2,0.7435897435897436,0.58,3.992,0.3342245989304813,8.6768
2.9,2.66667,0.936707,-881705.0,0.2,0.7435897435897436,0.58,3.992,0.3342245989304813,8.6768
2.9,3.0,0.936892,-943986.0,0.2,0.7435897435897436,0.58,3.992,0.3342245989304813,8.6768
3.6,1.0,0.93344,-481447.0,0.2,0.782608695652174,0.7200000000000001,3.992,0.3342245989304813,10.7712
3.6,1.33333,0.933407,-605849.0,0.2,0.782608695652174,0.7200000000000001,3.992,0.3342245989304813,10.7712
3.6,1.66667,0.933417,-717021.0,0.2,0.782608695652174,0.7200000000000001,3.992,0.3342245989304813,10.7712
3.6,2.0,0.933476,-816948.0,0.2,0.782608695652174,0.7200000000000001,3.992,0.3342245989304813,10.7712
3.6,2.33333,0.933586,-907268.0,0.2,0.782608695652174,0.7200000000000001,3.992,0.3342245989304813,10.7712
3.6,2.66667,0.933742,-989298.0,0.2,0.782608695652174,0.7200000000000001,3.992,0.3342245989304813,10.7712
3.6,3.0,0.93394,-1060000.0,0.2,0.782608695652174,0.7200000000000001,3.992,0.3342245989304813,10.7712
4.3,1.0,0.930783,-511236.0,0.2,0.8113207547169812,0.86,3.992,0.3342245989304813,12.865599999999999
4.3,1.33333,0.930712,-647380.0,0.2,0.8113207547169812,0.86,3.992,0.3342245989304813,12.865599999999999
4.3,1.66667,0.930689,-770490.0,0.2,0.8113207547169812,0.86,3.992,0.3342245989304813,12.865599999999999
4.3,2.0,0.930724,-882353.0,0.2,0.8113207547169812,0.86,3.992,0.3342245989304813,12.865599999999999
4.3,2.33333,0.930817,-984443.0,0.2,0.8113207547169812,0.86,3.992,0.3342245989304813,12.865599999999999
4.3,2.66667,0.930965,-1080000.0,0.2,0.8113207547169812,0.86,3.992,0.3342245989304813,12.865599999999999
4.3,3.0,0.931162,-1160000.0,0.2,0.8113207547169812,0.86,3.992,0.3342245989304813,12.865599999999999
5.0,1.0,0.928371,-535068.0,0.2,0.8333333333333334,1.0,3.992,0.3342245989304813,14.959999999999999
5.0,1.33333,0.928253,-680982.0,0.2,0.8333333333333334,1.0,3.992,0.3342245989304813,14.959999999999999
5.0,1.66667,0.928191,-814195.0,0.2,0.8333333333333334,1.0,3.992,0.3342245989304813,14.959999999999999
5.0,2.0,0.928193,-936317.0,0.2,0.8333333333333334,1.0,3.992,0.3342245989304813,14.959999999999999
5.0,2.33333,0.928259,-1050000.0,0.2,0.8333333333333334,1.0,3.992,0.3342245989304813,14.959999999999999
5.0,2.66667,0.928389,-1150000.0,0.2,0.8333333333333334,1.0,3.992,0.3342245989304813,14.959999999999999
5.0,3.0,0.928574,-1250000.0,0.2,0.8333333333333334,1.0,3.992,0.3342245989304813,14.959999999999999
0.8,1.0,0.946132,-213365.0,0.3,0.4444444444444445,0.24,4.017,0.33145508783559824,2.4136
0.8,1.33333,0.946144,-254215.0,0.3,0.4444444444444445,0.24,4.017,0.33145508783559824,2.4136
0.8,1.66667,0.946168,-287206.0,0.3,0.4444444444444445,0.24,4.017,0.33145508783559824,2.4136
0.8,2.0,0.946205,-314409.0,0.3,0.4444444444444445,0.24,4.017,0.33145508783559824,2.4136
0.8,2.33333,0.946256,-337223.0,0.3,0.4444444444444445,0.24,4.017,0.33145508783559824,2.4136
0.8,2.66667,0.946317,-356632.0,0.3,0.4444444444444445,0.24,4.017,0.33145508783559824,2.4136
0.8,3.0,0.946387,-373344.0,0.3,0.4444444444444445,0.24,4.017,0.33145508783559824,2.4136
1.5,1.0,0.942752,-320593.0,0.3,0.6,0.44999999999999996,4.017,0.33145508783559824,4.5255
1.5,1.33333,0.942769,-390276.0,0.3,0.6,0.44999999999999996,4.017,0.33145508783559824,4.5255
1.5,1.66667,0.942806,-448807.0,0.3,0.6,0.44999999999999996,4.017,0.33145508783559824,4.5255
1.5,2.0,0.942867,-498664.0,0.3,0.6,0.44999999999999996,4.017,0.33145508783559824,4.5255
1.5,2.33333,0.94295,-541642.0,0.3,0.6,0.44999999999999996,4.017,0.33145508783559824,4.5255
1.5,2.66667,0.943054,-579074.0,0.3,0.6,0.44999999999999996,4.017,0.33145508783559824,4.5255
1.5,3.0,0.943174,-611968.0,0.3,0.6,0.44999999999999996,4.017,0.33145508783559824,4.5255
2.2,1.0,0.939461,-392081.0,0.3,0.6875,0.66,4.017,0.33145508783559824,6.637400000000001
2.2,1.33333,0.939473,-484324.0,0.3,0.6875,0.66,4.017,0.33145508783559824,6.637400000000001
2.2,1.66667,0.939514,-563925.0,0.3,0.6875,0.66,4.017,0.33145508783559824,6.637400000000001
2.2,2.0,0.939587,-633318.0,0.3,0.6875,0.66,4.017,0.33145508783559824,6.637400000000001
2.2,2.33333,0.939693,-694347.0,0.3,0.6875,0.66,4.017,0.33145508783559824,6.637400000000001
2.2,2.66667,0.939828,-748442.0,0.3,0.6875,0.66,4.017,0.33145508783559824,6.637400000000001
2.2,3.0,0.939987,-796717.0,0.3,0.6875,0.66,4.017,0.33145508783559824,6.637400000000001
2.9,1.0,0.936339,-443147.0,0.3,0.7435897435897436,0.87,4.017,0.33145508783559824,8.7493
2.9,1.33333,0.936335,-553214.0,0.3,0.7435897435897436,0.87,4.017,0.33145508783559824,8.7493
2.9,1.66667,0.936367,-650095.0,0.3,0.7435897435897436,0.87,4.017,0.33145508783559824,8.7493
2.9,2.0,0.93644,-736025.0,0.3,0.7435897435897436,0.87,4.017,0.33145508783559824,8.7493
2.9,2.33333,0.936554,-812762.0,0.3,0.7435897435897436,0.87,4.017,0.33145508783559824,8.7493
2.9,2.66667,0.936707,-881705.0,0.3,0.7435897435897436,0.87,4.017,0.33145508783559824,8.7493
2.9,3.0,0.936892,-943986.0,0.3,0.7435897435897436,0.87,4.017,0.33145508783559824,8.7493
3.6,1.0,0.93344,-481447.0,0.3,0.782608695652174,1.08,4.017,0.33145508783559824,10.861200000000002
3.6,1.33333,0.933407,-605849.0,0.3,0.782608695652174,1.08,4.017,0.33145508783559824,10.861200000000002
3.6,1.66667,0.933417,-717021.0,0.3,0.782608695652174,1.08,4.017,0.33145508783559824,10.861200000000002
3.6,2.0,0.933476,-816948.0,0.3,0.782608695652174,1.08,4.017,0.33145508783559824,10.861200000000002
3.6,2.33333,0.933586,-907268.0,0.3,0.782608695652174,1.08,4.017,0.33145508783559824,10.861200000000002
3.6,2.66667,0.933742,-989298.0,0.3,0.782608695652174,1.08,4.017,0.33145508783559824,10.861200000000002
3.6,3.0,0.93394,-1060000.0,0.3,0.782608695652174,1.08,4.017,0.33145508783559824,10.861200000000002
4.3,1.0,0.930783,-511236.0,0.3,0.8113207547169812,1.2899999999999998,4.017,0.33145508783559824,12.9731
4.3,1.33333,0.930712,-647380.0,0.3,0.8113207547169812,1.2899999999999998,4.017,0.33145508783559824,12.9731
4.3,1.66667,0.930689,-770490.0,0.3,0.8113207547169812,1.2899999999999998,4.017,0.33145508783559824,12.9731
4.3,2.0,0.930724,-882353.0,0.3,0.8113207547169812,1.2899999999999998,4.017,0.33145508783559824,12.9731
4.3,2.33333,0.930817,-984443.0,0.3,0.8113207547169812,1.2899999999999998,4.017,0.33145508783559824,12.9731
4.3,2.66667,0.930965,-1080000.0,0.3,0.8113207547169812,1.2899999999999998,4.017,0.33145508783559824,12.9731
4.3,3.0,0.931162,-1160000.0,0.3,0.8113207547169812,1.2899999999999998,4.017,0.33145508783559824,12.9731
5.0,1.0,0.928371,-535068.0,0.3,0.8333333333333334,1.5,4.017,0.33145508783559824,15.085
5.0,1.33333,0.928253,-680982.0,0.3,0.8333333333333334,1.5,4.017,0.33145508783559824,15.085
5.0,1.66667,0.928191,-814195.0,0.3,0.8333333333333334,1.5,4.017,0.33145508783559824,15.085
5.0,2.0,0.928193,-936317.0,0.3,0.8333333333333334,1.5,4.017,0.33145508783559824,15.085
5.0,2.33333,0.928259,-1050000.0,0.3,0.8333333333333334,1.5,4.017,0.33145508783559824,15.085
5.0,2.66667,0.928389,-1150000.0,0.3,0.8333333333333334,1.5,4.017,0.33145508783559824,15.085
5.0,3.0,0.928574,-1250000.0,0.3,0.8333333333333334,1.5,4.017,0.33145508783559824,15.085
0.8,1.0,0.946132,-213365.0,0.4,0.4444444444444445,0.32000000000000006,3.928,0.34153005464480873,2.3424
0.8,1.33333,0.946144,-254215.0,0.4,0.4444444444444445,0.32000000000000006,3.928,0.34153005464480873,2.3424
0.8,1.66667,0.946168,-287206.0,0.4,0.4444444444444445,0.32000000000000006,3.928,0.34153005464480873,2.3424
0.8,2.0,0.946205,-314409.0,0.4,0.4444444444444445,0.32000000000000006,3.928,0.34153005464480873,2.3424
0.8,2.33333,0.946256,-337223.0,0.4,0.4444444444444445,0.32000000000000006,3.928,0.34153005464480873,2.3424
0.8,2.66667,0.946317,-356632.0,0.4,0.4444444444444445,0.32000000000000006,3.928,0.34153005464480873,2.3424
0.8,3.0,0.946387,-373344.0,0.4,0.4444444444444445,0.32000000000000006,3.928,0.34153005464480873,2.3424
1.5,1.0,0.942752,-320593.0,0.4,0.6,0.6000000000000001,3.928,0.34153005464480873,4.392
1.5,1.33333,0.942769,-390276.0,0.4,0.6,0.6000000000000001,3.928,0.34153005464480873,4.392
1.5,1.66667,0.942806,-448807.0,0.4,0.6,0.6000000000000001,3.928,0.34153005464480873,4.392
1.5,2.0,0.942867,-498664.0,0.4,0.6,0.6000000000000001,3.928,0.34153005464480873,4.392
1.5,2.33333,0.94295,-541642.0,0.4,0.6,0.6000000000000001,3.928,0.34153005464480873,4.392
1.5,2.66667,0.943054,-579074.0,0.4,0.6,0.6000000000000001,3.928,0.34153005464480873,4.392
1.5,3.0,0.943174,-611968.0,0.4,0.6,0.6000000000000001,3.928,0.34153005464480873,4.392
2.2,1.0,0.939461,-392081.0,0.4,0.6875,0.8800000000000001,3.928,0.34153005464480873,6.441600000000001
2.2,1.33333,0.939473,-484324.0,0.4,0.6875,0.8800000000000001,3.928,0.34153005464480873,6.441600000000001
2.2,1.66667,0.939514,-563925.0,0.4,0.6875,0.8800000000000001,3.928,0.34153005464480873,6.441600000000001
2.2,2.0,0.939587,-633318.0,0.4,0.6875,0.8800000000000001,3.928,0.34153005464480873,6.441600000000001
2.2,2.33333,0.939693,-694347.0,0.4,0.6875,0.8800000000000001,3.928,0.34153005464480873,6.441600000000001
2.2,2.66667,0.939828,-748442.0,0.4,0.6875,0.8800000000000001,3.928,0.34153005464480873,6.441600000000001
2.2,3.0,0.939987,-796717.0,0.4,0.6875,0.8800000000000001,3.928,0.34153005464480873,6.441600000000001
2.9,1.0,0.936339,-443147.0,0.4,0.7435897435897436,1.16,3.928,0.34153005464480873,8.4912
2.9,1.33333,0.936335,-553214.0,0.4,0.7435897435897436,1.16,3.928,0.34153005464480873,8.4912
2.9,1.66667,0.936367,-650095.0,0.4,0.7435897435897436,1.16,3.928,0.34153005464480873,8.4912
2.9,2.0,0.93644,-736025.0,0.4,0.7435897435897436,1.16,3.928,0.34153005464480873,8.4912
2.9,2.33333,0.936554,-812762.0,0.4,0.7435897435897436,1.16,3.928,0.34153005464480873,8.4912
2.9,2.66667,0.936707,-881705.0,0.4,0.7435897435897436,1.16,3.928,0.34153005464480873,8.4912
2.9,3.0,0.936892,-943986.0,0.4,0.7435897435897436,1.16,3.928,0.34153005464480873,8.4912
3.6,1.0,0.93344,-481447.0,0.4,0.782608695652174,1.4400000000000002,3.928,0.34153005464480873,10.5408
3.6,1.33333,0.933407,-605849.0,0.4,0.782608695652174,1.4400000000000002,3.928,0.34153005464480873,10.5408
3.6,1.66667,0.933417,-717021.0,0.4,0.782608695652174,1.4400000000000002,3.928,0.34153005464480873,10.5408
3.6,2.0,0.933476,-816948.0,0.4,0.782608695652174,1.4400000000000002,3.928,0.34153005464480873,10.5408
3.6,2.33333,0.933586,-907268.0,0.4,0.782608695652174,1.4400000000000002,3.928,0.34153005464480873,10.5408
3.6,2.66667,0.933742,-989298.0,0.4,0.782608695652174,1.4400000000000002,3.928,0.34153005464480873,10.5408
3.6,3.0,0.93394,-1060000.0,0.4,0.782608695652174,1.4400000000000002,3.928,0.34153005464480873,10.5408
4.3,1.0,0.930783,-511236.0,0.4,0.8113207547169812,1.72,3.928,0.34153005464480873,12.5904
4.3,1.33333,0.930712,-647380.0,0.4,0.8113207547169812,1.72,3.928,0.34153005464480873,12.5904
4.3,1.66667,0.930689,-770490.0,0.4,0.8113207547169812,1.72,3.928,0.34153005464480873,12.5904
4.3,2.0,0.930724,-882353.0,0.4,0.8113207547169812,1.72,3.928,0.34153005464480873,12.5904
4.3,2.33333,0.930817,-984443.0,0.4,0.8113207547169812,1.72,3.928,0.34153005464480873,12.5904
4.3,2.66667,0.930965,-1080000.0,0.4,0.8113207547169812,1.72,3.928,0.34153005464480873,12.5904
4.3,3.0,0.931162,-1160000.0,0.4,0.8113207547169812,1.72,3.928,0.34153005464480873,12.5904
5.0,1.0,0.928371,-535068.0,0.4,0.8333333333333334,2.0,3.928,0.34153005464480873,14.64
5.0,1.33333,0.928253,-680982.0,0.4,0.8333333333333334,2.0,3.928,0.34153005464480873,14.64
5.0,1.66667,0.928191,-814195.0,0.4,0.8333333333333334,2.0,3.928,0.34153005464480873,14.64
5.0,2.0,0.928193,-936317.0,0.4,0.8333333333333334,2.0,3.928,0.34153005464480873,14.64
5.0,2.33333,0.928259,-1050000.0,0.4,0.8333333333333334,2.0,3.928,0.34153005464480873,14.64
5.0,2.66667,0.928389,-1150000.0,0.4,0.8333333333333334,2.0,3.928,0.34153005464480873,14.64
5.0,3.0,0.928574,-1250000.0,0.4,0.8333333333333334,2.0,3.928,0.34153005464480873,14.64
0.8,1.0,0.757227,-626860.0,0.5,0.4444444444444445,0.4,3.725,0.36697247706422015,2.18
0.8,1.33333,0.757331,-746799.0,0.5,0.4444444444444445,0.4,3.725,0.36697247706422015,2.18
0.8,1.66667,0.75737,-844043.0,0.5,0.4444444444444445,0.4,3.725,0.36697247706422015,2.18
0.8,2.0,0.75737,-844043.0,0.5,0.4444444444444445,0.4,3.725,0.36697247706422015,2.18
0.8,2.33333,0.75737,-844043.0,0.5,0.4444444444444445,0.4,3.725,0.36697247706422015,2.18
0.8,2.66667,0.757569,-1070030.0,0.5,0.4444444444444445,0.4,3.725,0.36697247706422015,2.18
0.8,3.0,0.757569,-1070030.0,0.5,0.4444444444444445,0.4,3.725,0.36697247706422015,2.18
1.5,1.0,0.793602,-715203.0,0.5,0.6,0.75,3.725,0.36697247706422015,4.0875
1.5,1.33333,0.793802,-870440.0,0.5,0.6,0.75,3.725,0.36697247706422015,4.0875
1.5,1.66667,0.79393,-1000900.0,0.5,0.6,0.75,3.725,0.36697247706422015,4.0875
1.5,2.0,0.794069,-1112350.0,0.5,0.6,0.75,3.725,0.36697247706422015,4.0875
1.5,2.33333,0.794069,-1112350.0,0.5,0.6,0.75,3.725,0.36697247706422015,4.0875
1.5,2.66667,0.794069,-1112350.0,0.5,0.6,0.75,3.725,0.36697247706422015,4.0875
1.5,3.0,0.794069,-1112350.0,0.5,0.6,0.75,3.725,0.36697247706422015,4.0875
2.2,1.0,0.794069,-1112350.0,0.5,0.6875,1.1,3.725,0.36697247706422015,5.995000000000001
2.2,1.33333,0.810305,-956277.0,0.5,0.6875,1.1,3.725,0.36697247706422015,5.995000000000001
2.2,1.66667,0.810592,-1113280.0,0.5,0.6875,1.1,3.725,0.36697247706422015,5.995000000000001
2.2,2.0,0.81067,-1250180.0,0.5,0.6875,1.1,3.725,0.36697247706422015,5.995000000000001
2.2,2.33333,0.810932,-1370840.0,0.5,0.6875,1.1,3.725,0.36697247706422015,5.995000000000001
2.2,2.66667,0.810932,-1370840.0,0.5,0.6875,1.1,3.725,0.36697247706422015,5.995000000000001
2.2,3.0,0.810932,-1370840.0,0.5,0.6875,1.1,3.725,0.36697247706422015,5.995000000000001
2.9,1.0,0.810932,-1370840.0,0.5,0.7435897435897436,1.45,3.725,0.36697247706422015,7.902500000000001
2.9,1.33333,0.81951,-1019260.0,0.5,0.7435897435897436,1.45,3.725,0.36697247706422015,7.902500000000001
2.9,1.66667,0.81975,-1197560.0,0.5,0.7435897435897436,1.45,3.725,0.36697247706422015,7.902500000000001
2.9,2.0,0.81975,-1197560.0,0.5,0.7435897435897436,1.45,3.725,0.36697247706422015,7.902500000000001
2.9,2.33333,0.81975,-1197560.0,0.5,0.7435897435897436,1.45,3.725,0.36697247706422015,7.902500000000001
2.9,2.66667,0.81975,-1197560.0,0.5,0.7435897435897436,1.45,3.725,0.36697247706422015,7.902500000000001
2.9,3.0,0.81975,-1197560.0,0.5,0.7435897435897436,1.45,3.725,0.36697247706422015,7.902500000000001
3.6,1.0,0.81975,-1197560.0,0.5,0.782608695652174,1.8,3.725,0.36697247706422015,9.81
3.6,1.33333,0.81975,-1197560.0,0.5,0.782608695652174,1.8,3.725,0.36697247706422015,9.81
3.6,1.66667,0.81975,-1197560.0,0.5,0.782608695652174,1.8,3.725,0.36697247706422015,9.81
3.6,2.0,0.81975,-1197560.0,0.5,0.782608695652174,1.8,3.725,0.36697247706422015,9.81
3.6,2.33333,0.81975,-1197560.0,0.5,0.782608695652174,1.8,3.725,0.36697247706422015,9.81
3.6,2.66667,0.81975,-1197560.0,0.5,0.782608695652174,1.8,3.725,0.36697247706422015,9.81
3.6,3.0,0.81975,-1197560.0,0.5,0.782608695652174,1.8,3.725,0.36697247706422015,9.81
4.3,1.0,0.81975,-1197560.0,0.5,0.8113207547169812,2.15,3.725,0.36697247706422015,11.717500000000001
4.3,1.33333,0.81975,-1197560.0,0.5,0.8113207547169812,2.15,3.725,0.36697247706422015,11.717500000000001
4.3,1.66667,0.81975,-1197560.0,0.5,0.8113207547169812,2.15,3.725,0.36697247706422015,11.717500000000001
4.3,2.0,0.81975,-1197560.0,0.5,0.8113207547169812,2.15,3.725,0.36697247706422015,11.717500000000001
4.3,2.33333,0.81975,-1197560.0,0.5,0.8113207547169812,2.15,3.725,0.36697247706422015,11.717500000000001
4.3,2.66667,0.81975,-1197560.0,0.5,0.8113207547169812,2.15,3.725,0.36697247706422015,11.717500000000001
4.3,3.0,0.81975,-1197560.0,0.5,0.8113207547169812,2.15,3.725,0.36697247706422015,11.717500000000001
5.0,1.0,0.81975,-1197560.0,0.5,0.8333333333333334,2.5,3.725,0.36697247706422015,13.625000000000002
5.0,1.33333,0.81975,-1197560.0,0.5,0.8333333333333334,2.5,3.725,0.36697247706422015,13.625000000000002
5.0,1.66667,0.81975,-1197560.0,0.5,0.8333333333333334,2.5,3.725,0.36697247706422015,13.625000000000002
5.0,2.0,0.81975,-1197560.0,0.5,0.8333333333333334,2.5,3.725,0.36697247706422015,13.625000000000002
5.0,2.33333,0.81975,-1197560.0,0.5,0.8333333333333334,2.5,3.725,0.36697247706422015,13.625000000000002
5.0,2.66667,0.81975,-1197560.0,0.5,0.8333333333333334,2.5,3.725,0.36697247706422015,13.625000000000002
5.0,3.0,0.81975,-1197560.0,0.5,0.8333333333333334,2.5,3.725,0.36697247706422015,13.625000000000002
0.8,1.0,0.759595,-266166.0,0.65,0.4444444444444445,0.52,3.20675,0.45315509233035006,1.7654
0.8,1.33333,0.759674,-317030.0,0.65,0.4444444444444445,0.52,3.20675,0.45315509233035006,1.7654
0.8,1.66667,0.759736,-358119.0,0.65,0.4444444444444445,0.52,3.20675,0.45315509233035006,1.7654
0.8,2.0,0.7598,-392088.0,0.65,0.4444444444444445,0.52,3.20675,0.45315509233035006,1.7654
0.8,2.33333,0.75983,-420846.0,0.65,0.4444444444444445,0.52,3.20675,0.45315509233035006,1.7654
0.8,2.66667,0.75983,-420846.0,0.65,0.4444444444444445,0.52,3.20675,0.45315509233035006,1.7654
0.8,3.0,0.75983,-420846.0,0.65,0.4444444444444445,0.52,3.20675,0.45315509233035006,1.7654
1.5,1.0,0.796737,-400626.0,0.65,0.6,0.9750000000000001,3.20675,0.45315509233035006,3.310125
1.5,1.33333,0.796922,-487583.0,0.65,0.6,0.9750000000000001,3.20675,0.45315509233035006,3.310125
1.5,1.66667,0.797073,-560568.0,0.65,0.6,0.9750000000000001,3.20675,0.45315509233035006,3.310125
1.5,2.0,0.797205,-622700.0,0.65,0.6,0.9750000000000001,3.20675,0.45315509233035006,3.310125
1.5,2.33333,0.797294,-676246.0,0.65,0.6,0.9750000000000001,3.20675,0.45315509233035006,3.310125
1.5,2.66667,0.797391,-722906.0,0.65,0.6,0.9750000000000001,3.20675,0.45315509233035006,3.310125
1.5,3.0,0.797455,-763980.0,0.65,0.6,0.9750000000000001,3.20675,0.45315509233035006,3.310125
2.2,1.0,0.81349,-490528.0,0.65,0.6875,1.4300000000000002,3.20675,0.45315509233035006,4.854850000000001
2.2,1.33333,0.813747,-605829.0,0.65,0.6875,1.4300000000000002,3.20675,0.45315509233035006,4.854850000000001
2.2,1.66667,0.813965,-705275.0,0.65,0.6875,1.4300000000000002,3.20675,0.45315509233035006,4.854850000000001
2.2,2.0,0.814146,-791920.0,0.65,0.6875,1.4300000000000002,3.20675,0.45315509233035006,4.854850000000001
2.2,2.33333,0.8143,-868084.0,0.65,0.6875,1.4300000000000002,3.20675,0.45315509233035006,4.854850000000001
2.2,2.66667,0.814435,-935560.0,0.65,0.6875,1.4300000000000002,3.20675,0.45315509233035006,4.854850000000001
2.2,3.0,0.814514,-995754.0,0.65,0.6875,1.4300000000000002,3.20675,0.45315509233035006,4.854850000000001
2.9,1.0,0.822789,-554797.0,0.65,0.7435897435897436,1.885,3.20675,0.45315509233035006,6.399575
2.9,1.33333,0.823095,-692513.0,0.65,0.7435897435897436,1.885,3.20675,0.45315509233035006,6.399575
2.9,1.66667,0.823352,-813682.0,0.65,0.7435897435897436,1.885,3.20675,0.45315509233035006,6.399575
2.9,2.0,0.823575,-921104.0,0.65,0.7435897435897436,1.885,3.20675,0.45315509233035006,6.399575
2.9,2.33333,0.823764,-1020000.0,0.65,0.7435897435897436,1.885,3.20675,0.45315509233035006,6.399575
2.9,2.66667,0.823932,-1100000.0,0.65,0.7435897435897436,1.885,3.20675,0.45315509233035006,6.399575
2.9,3.0,0.82408,-1180000.0,0.65,0.7435897435897436,1.885,3.20675,0.45315509233035006,6.399575
3.6,1.0,0.82862,-603013.0,0.65,0.782608695652174,2.3400000000000003,3.20675,0.45315509233035006,7.9443
3.6,1.33333,0.82896,-758760.0,0.65,0.782608695652174,2.3400000000000003,3.20675,0.45315509233035006,7.9443
3.6,1.66667,0.82925,-897892.0,0.65,0.782608695652174,2.3400000000000003,3.20675,0.45315509233035006,7.9443
3.6,2.0,0.829499,-1020000.0,0.65,0.782608695652174,2.3400000000000003,3.20675,0.45315509233035006,7.9443
3.6,2.33333,0.829716,-1140000.0,0.65,0.782608695652174,2.3400000000000003,3.20675,0.45315509233035006,7.9443
3.6,2.66667,0.829909,-1240000.0,0.65,0.782608695652174,2.3400000000000003,3.20675,0.45315509233035006,7.9443
3.6,3.0,0.830078,-1330000.0,0.65,0.782608695652174,2.3400000000000003,3.20675,0.45315509233035006,7.9443
4.3,1.0,0.832586,-640517.0,0.65,0.8113207547169812,2.795,3.20675,0.45315509233035006,9.489025
4.3,1.33333,0.832951,-811033.0,0.65,0.8113207547169812,2.795,3.20675,0.45315509233035006,9.489025
4.3,1.66667,0.833264,-965187.0,0.65,0.8113207547169812,2.795,3.20675,0.45315509233035006,9.489025
4.3,2.0,0.833536,-1110000.0,0.65,0.8113207547169812,2.795,3.20675,0.45315509233035006,9.489025
4.3,2.33333,0.833775,-1230000.0,0.65,0.8113207547169812,2.795,3.20675,0.45315509233035006,9.489025
4.3,2.66667,0.833986,-1350000.0,0.65,0.8113207547169812,2.795,3.20675,0.45315509233035006,9.489025
4.3,3.0,0.834173,-1460000.0,0.65,0.8113207547169812,2.795,3.20675,0.45315509233035006,9.489025
5.0,1.0,0.835444,-670525.0,0.65,0.8333333333333334,3.25,3.20675,0.45315509233035006,11.03375
5.0,1.33333,0.835829,-853329.0,0.65,0.8333333333333334,3.25,3.20675,0.45315509233035006,11.03375
5.0,1.66667,0.83616,-1020000.0,0.65,0.8333333333333334,3.25,3.20675,0.45315509233035006,11.03375
5.0,2.0,0.836449,-1170000.0,0.65,0.8333333333333334,3.25,3.20675,0.45315509233035006,11.03375
5.0,2.33333,0.836706,-1310000.0,0.65,0.8333333333333334,3.25,3.20675,0.45315509233035006,11.03375
5.0,2.66667,0.836929,-1440000.0,0.65,0.8333333333333334,3.25,3.20675,0.45315509233035006,11.03375
5.0,3.0,0.837133,-1560000.0,0.65,0.8333333333333334,3.25,3.20675,0.45315509233035006,11.03375
0.8,1.0,0.77021,-256657.0,0.7,0.4444444444444445,0.5599999999999999,2.9770000000000003,0.505816894284269,1.5816000000000003
0.8,1.33333,0.770256,-305770.0,0.7,0.4444444444444445,0.5599999999999999,2.9770000000000003,0.505816894284269,1.5816000000000003
0.8,1.66667,0.770296,-345414.0,0.7,0.4444444444444445,0.5599999999999999,2.9770000000000003,0.505816894284269,1.5816000000000003
0.8,2.0,0.770327,-378074.0,0.7,0.4444444444444445,0.5599999999999999,2.9770000000000003,0.505816894284269,1.5816000000000003
0.8,2.33333,0.770345,-405450.0,0.7,0.4444444444444445,0.5599999999999999,2.9770000000000003,0.505816894284269,1.5816000000000003
0.8,2.66667,0.770369,-428719.0,0.7,0.4444444444444445,0.5599999999999999,2.9770000000000003,0.505816894284269,1.5816000000000003
0.8,3.0,0.77038,-448745.0,0.7,0.4444444444444445,0.5599999999999999,2.9770000000000003,0.505816894284269,1.5816000000000003
1.5,1.0,0.802379,-385648.0,0.7,0.6,1.0499999999999998,2.9770000000000003,0.505816894284269,2.9655000000000005
1.5,1.33333,0.802534,-469432.0,0.7,0.6,1.0499999999999998,2.9770000000000003,0.505816894284269,2.9655000000000005
1.5,1.66667,0.802663,-539779.0,0.7,0.6,1.0499999999999998,2.9770000000000003,0.505816894284269,2.9655000000000005
1.5,2.0,0.80277,-599675.0,0.7,0.6,1.0499999999999998,2.9770000000000003,0.505816894284269,2.9655000000000005
1.5,2.33333,0.802861,-651278.0,0.7,0.6,1.0499999999999998,2.9770000000000003,0.505816894284269,2.9655000000000005
1.5,2.66667,0.802938,-696201.0,0.7,0.6,1.0499999999999998,2.9770000000000003,0.505816894284269,2.9655000000000005
1.5,3.0,0.803006,-735654.0,0.7,0.6,1.0499999999999998,2.9770000000000003,0.505816894284269,2.9655000000000005
2.2,1.0,0.817812,-471822.0,0.7,0.6875,1.54,2.9770000000000003,0.505816894284269,4.349400000000001
2.2,1.33333,0.818045,-582788.0,0.7,0.6875,1.54,2.9770000000000003,0.505816894284269,4.349400000000001
2.2,1.66667,0.818238,-678524.0,0.7,0.6875,1.54,2.9770000000000003,0.505816894284269,4.349400000000001
2.2,2.0,0.818403,-761957.0,0.7,0.6875,1.54,2.9770000000000003,0.505816894284269,4.349400000000001
2.2,2.33333,0.818546,-835310.0,0.7,0.6875,1.54,2.9770000000000003,0.505816894284269,4.349400000000001
2.2,2.66667,0.818668,-900303.0,0.7,0.6875,1.54,2.9770000000000003,0.505816894284269,4.349400000000001
2.2,3.0,0.818776,-958282.0,0.7,0.6875,1.54,2.9770000000000003,0.505816894284269,4.349400000000001
2.9,1.0,0.82649,-533428.0,0.7,0.7435897435897436,2.03,2.9770000000000003,0.505816894284269,5.733300000000001
2.9,1.33333,0.826773,-665887.0,0.7,0.7435897435897436,2.03,2.9770000000000003,0.505816894284269,5.733300000000001
2.9,1.66667,0.827013,-782457.0,0.7,0.7435897435897436,2.03,2.9770000000000003,0.505816894284269,5.733300000000001
2.9,2.0,0.827219,-885828.0,0.7,0.7435897435897436,2.03,2.9770000000000003,0.505816894284269,5.733300000000001
2.9,2.33333,0.827397,-978117.0,0.7,0.7435897435897436,2.03,2.9770000000000003,0.505816894284269,5.733300000000001
2.9,2.66667,0.827554,-1060000.0,0.7,0.7435897435897436,2.03,2.9770000000000003,0.505816894284269,5.733300000000001
2.9,3.0,0.827689,-1140000.0,0.7,0.7435897435897436,2.03,2.9770000000000003,0.505816894284269,5.733300000000001
3.6,1.0,0.831955,-579653.0,0.7,0.782608695652174,2.52,2.9770000000000003,0.505816894284269,7.117200000000001
3.6,1.33333,0.832274,-729401.0,0.7,0.782608695652174,2.52,2.9770000000000003,0.505816894284269,7.117200000000001
3.6,1.66667,0.832547,-863203.0,0.7,0.782608695652174,2.52,2.9770000000000003,0.505816894284269,7.117200000000001
3.6,2.0,0.832782,-983460.0,0.7,0.782608695652174,2.52,2.9770000000000003,0.505816894284269,7.117200000000001
3.6,2.33333,0.832988,-1090000.0,0.7,0.782608695652174,2.52,2.9770000000000003,0.505816894284269,7.117200000000001
3.6,2.66667,0.833169,-1190000.0,0.7,0.782608695652174,2.52,2.9770000000000003,0.505816894284269,7.117200000000001
3.6,3.0,0.83333,-1280000.0,0.7,0.782608695652174,2.52,2.9770000000000003,0.505816894284269,7.117200000000001
4.3,1.0,0.835677,-615613.0,0.7,0.8113207547169812,3.01,2.9770000000000003,0.505816894284269,8.501100000000001
4.3,1.33333,0.836021,-779528.0,0.7,0.8113207547169812,3.01,2.9770000000000003,0.505816894284269,8.501100000000001
4.3,1.66667,0.836318,-927733.0,0.7,0.8113207547169812,3.01,2.9770000000000003,0.505816894284269,8.501100000000001
4.3,2.0,0.836575,-1060000.0,0.7,0.8113207547169812,3.01,2.9770000000000003,0.505816894284269,8.501100000000001
4.3,2.33333,0.836801,-1190000.0,0.7,0.8113207547169812,3.01,2.9770000000000003,0.505816894284269,8.501100000000001
4.3,2.66667,0.837001,-1300000.0,0.7,0.8113207547169812,3.01,2.9770000000000003,0.505816894284269,8.501100000000001
4.3,3.0,0.83718,-1400000.0,0.7,0.8113207547169812,3.01,2.9770000000000003,0.505816894284269,8.501100000000001
5.0,1.0,0.83836,-644387.0,0.7,0.8333333333333334,3.5,2.9770000000000003,0.505816894284269,9.885000000000002
5.0,1.33333,0.838723,-820088.0,0.7,0.8333333333333334,3.5,2.9770000000000003,0.505816894284269,9.885000000000002
5.0,1.66667,0.839037,-980482.0,0.7,0.8333333333333334,3.5,2.9770000000000003,0.505816894284269,9.885000000000002
5.0,2.0,0.839311,-1130000.0,0.7,0.8333333333333334,3.5,2.9770000000000003,0.505816894284269,9.885000000000002
5.0,2.33333,0.839554,-1260000.0,0.7,0.8333333333333334,3.5,2.9770000000000003,0.505816894284269,9.885000000000002
5.0,2.66667,0.839769,-1390000.0,0.7,0.8333333333333334,3.5,2.9770000000000003,0.505816894284269,9.885000000000002
5.0,3.0,0.839961,-1500000.0,0.7,0.8333333333333334,3.5,2.9770000000000003,0.505816894284269,9.885000000000002
0.8,1.0,0.759595,-266166.0,0.8,0.4444444444444445,0.6400000000000001,2.4319999999999995,0.6983240223463689,1.1455999999999997
0.8,1.33333,0.759674,-317030.0,0.8,0.4444444444444445,0.6400000000000001,2.4319999999999995,0.6983240223463689,1.1455999999999997
0.8,1.66667,0.759736,-358119.0,0.8,0.4444444444444445,0.6400000000000001,2.4319999999999995,0.6983240223463689,1.1455999999999997
0.8,2.0,0.7598,-392088.0,0.8,0.4444444444444445,0.6400000000000001,2.4319999999999995,0.6983240223463689,1.1455999999999997
0.8,2.33333,0.75983,-420846.0,0.8,0.4444444444444445,0.6400000000000001,2.4319999999999995,0.6983240223463689,1.1455999999999997
0.8,2.66667,0.75983,-420846.0,0.8,0.4444444444444445,0.6400000000000001,2.4319999999999995,0.6983240223463689,1.1455999999999997
0.8,3.0,0.75983,-420846.0,0.8,0.4444444444444445,0.6400000000000001,2.4319999999999995,0.6983240223463689,1.1455999999999997
1.5,1.0,0.796737,-400626.0,0.8,0.6,1.2000000000000002,2.4319999999999995,0.6983240223463689,2.1479999999999992
1.5,1.33333,0.796922,-487583.0,0.8,0.6,1.2000000000000002,2.4319999999999995,0.6983240223463689,2.1479999999999992
1.5,1.66667,0.797073,-560568.0,0.8,0.6,1.2000000000000002,2.4319999999999995,0.6983240223463689,2.1479999999999992
1.5,2.0,0.797205,-622700.0,0.8,0.6,1.2000000000000002,2.4319999999999995,0.6983240223463689,2.1479999999999992
1.5,2.33333,0.797294,-676246.0,0.8,0.6,1.2000000000000002,2.4319999999999995,0.6983240223463689,2.1479999999999992
1.5,2.66667,0.797391,-722906.0,0.8,0.6,1.2000000000000002,2.4319999999999995,0.6983240223463689,2.1479999999999992
1.5,3.0,0.797455,-763980.0,0.8,0.6,1.2000000000000002,2.4319999999999995,0.6983240223463689,2.1479999999999992
2.2,1.0,0.81349,-490528.0,0.8,0.6875,1.7600000000000002,2.4319999999999995,0.6983240223463689,3.1503999999999994
2.2,1.33333,0.813747,-605829.0,0.8,0.6875,1.7600000000000002,2.4319999999999995,0.6983240223463689,3.1503999999999994
2.2,1.66667,0.813965,-705275.0,0.8,0.6875,1.7600000000000002,2.4319999999999995,0.6983240223463689,3.1503999999999994
2.2,2.0,0.814146,-791920.0,0.8,0.6875,1.7600000000000002,2.4319999999999995,0.6983240223463689,3.1503999999999994
2.2,2.33333,0.8143,-868084.0,0.8,0.6875,1.7600000000000002,2.4319999999999995,0.6983240223463689,3.1503999999999994
2.2,2.66667,0.814435,-935560.0,0.8,0.6875,1.7600000000000002,2.4319999999999995,0.6983240223463689,3.1503999999999994
2.2,3.0,0.814514,-995754.0,0.8,0.6875,1.7600000000000002,2.4319999999999995,0.6983240223463689,3.1503999999999994
2.9,1.0,0.822789,-554797.0,0.8,0.7435897435897436,2.32,2.4319999999999995,0.6983240223463689,4.152799999999998
2.9,1.33333,0.823095,-692513.0,0.8,0.7435897435897436,2.32,2.4319999999999995,0.6983240223463689,4.152799999999998
2.9,1.66667,0.823352,-813682.0,0.8,0.7435897435897436,2.32,2.4319999999999995,0.6983240223463689,4.152799999999998
2.9,2.0,0.823575,-921104.0,0.8,0.7435897435897436,2.32,2.4319999999999995,0.6983240223463689,4.152799999999998
2.9,2.33333,0.823764,-1020000.0,0.8,0.7435897435897436,2.32,2.4319999999999995,0.6983240223463689,4.152799999999998
2.9,2.66667,0.823932,-1100000.0,0.8,0.7435897435897436,2.32,2.4319999999999995,0.6983240223463689,4.152799999999998
2.9,3.0,0.82408,-1180000.0,0.8,0.7435897435897436,2.32,2.4319999999999995,0.6983240223463689,4.152799999999998
3.6,1.0,0.82862,-603013.0,0.8,0.782608695652174,2.8800000000000003,2.4319999999999995,0.6983240223463689,5.155199999999999
3.6,1.33333,0.82896,-758760.0,0.8,0.782608695652174,2.8800000000000003,2.4319999999999995,0.6983240223463689,5.155199999999999
3.6,1.66667,0.82925,-897892.0,0.8,0.782608695652174,2.8800000000000003,2.4319999999999995,0.6983240223463689,5.155199999999999
3.6,2.0,0.829499,-1020000.0,0.8,0.782608695652174,2.8800000000000003,2.4319999999999995,0.6983240223463689,5.155199999999999
3.6,2.33333,0.829716,-1140000.0,0.8,0.782608695652174,2.8800000000000003,2.4319999999999995,0.6983240223463689,5.155199999999999
3.6,2.66667,0.829909,-1240000.0,0.8,0.782608695652174,2.8800000000000003,2.4319999999999995,0.6983240223463689,5.155199999999999
3.6,3.0,0.830078,-1330000.0,0.8,0.782608695652174,2.8800000000000003,2.4319999999999995,0.6983240223463689,5.155199999999999
4.3,1.0,0.832586,-640517.0,0.8,0.8113207547169812,3.44,2.4319999999999995,0.6983240223463689,6.157599999999998
4.3,1.33333,0.832951,-811033.0,0.8,0.8113207547169812,3.44,2.4319999999999995,0.6983240223463689,6.157599999999998
4.3,1.66667,0.833264,-965187.0,0.8,0.8113207547169812,3.44,2.4319999999999995,0.6983240223463689,6.157599999999998
4.3,2.0,0.833536,-1110000.0,0.8,0.8113207547169812,3.44,2.4319999999999995,0.6983240223463689,6.157599999999998
4.3,2.33333,0.833775,-1230000.0,0.8,0.8113207547169812,3.44,2.4319999999999995,0.6983240223463689,6.157599999999998
4.3,2.66667,0.833986,-1350000.0,0.8,0.8113207547169812,3.44,2.4319999999999995,0.6983240223463689,6.157599999999998
4.3,3.0,0.834173,-1460000.0,0.8,0.8113207547169812,3.44,2.4319999999999995,0.6983240223463689,6.157599999999998
5.0,1.0,0.835444,-670525.0,0.8,0.8333333333333334,4.0,2.4319999999999995,0.6983240223463689,7.1599999999999975
5.0,1.33333,0.835829,-853329.0,0.8,0.8333333333333334,4.0,2.4319999999999995,0.6983240223463689,7.1599999999999975
5.0,1.66667,0.83616,-1020000.0,0.8,0.8333333333333334,4.0,2.4319999999999995,0.6983240223463689,7.1599999999999975
5.0,2.0,0.836449,-1170000.0,0.8,0.8333333333333334,4.0,2.4319999999999995,0.6983240223463689,7.1599999999999975
5.0,2.33333,0.836706,-1310000.0,0.8,0.8333333333333334,4.0,2.4319999999999995,0.6983240223463689,7.1599999999999975
5.0,2.66667,0.836929,-1440000.0,0.8,0.8333333333333334,4.0,2.4319999999999995,0.6983240223463689,7.1599999999999975
5.0,3.0,0.837133,-1560000.0,0.8,0.8333333333333334,4.0,2.4319999999999995,0.6983240223463689,7.1599999999999975
0.8,1.0,0.946132,-213365.0,0.95,0.4444444444444445,0.76,1.4007500000000004,2.4953212726138467,0.32060000000000033
0.8,1.33333,0.946144,-254215.0,0.95,0.4444444444444445,0.76,1.4007500000000004,2.4953212726138467,0.32060000000000033
0.8,1.66667,0.946168,-287206.0,0.95,0.4444444444444445,0.76,1.4007500000000004,2.4953212726138467,0.32060000000000033
0.8,2.0,0.946205,-314409.0,0.95,0.4444444444444445,0.76,1.4007500000000004,2.4953212726138467,0.32060000000000033
0.8,2.33333,0.946256,-337223.0,0.95,0.4444444444444445,0.76,1.4007500000000004,2.4953212726138467,0.32060000000000033
0.8,2.66667,0.946317,-356632.0,0.95,0.4444444444444445,0.76,1.4007500000000004,2.4953212726138467,0.32060000000000033
0.8,3.0,0.946387,-373344.0,0.95,0.4444444444444445,0.76,1.4007500000000004,2.4953212726138467,0.32060000000000033
1.5,1.0,0.942752,-320593.0,0.95,0.6,1.4249999999999998,1.4007500000000004,2.4953212726138467,0.6011250000000006
1.5,1.33333,0.942769,-390276.0,0.95,0.6,1.4249999999999998,1.4007500000000004,2.4953212726138467,0.6011250000000006
1.5,1.66667,0.942806,-448807.0,0.95,0.6,1.4249999999999998,1.4007500000000004,2.4953212726138467,0.6011250000000006
1.5,2.0,0.942867,-498664.0,0.95,0.6,1.4249999999999998,1.4007500000000004,2.4953212726138467,0.6011250000000006
1.5,2.33333,0.94295,-541642.0,0.95,0.6,1.4249999999999998,1.4007500000000004,2.4953212726138467,0.6011250000000006
1.5,2.66667,0.943054,-579074.0,0.95,0.6,1.4249999999999998,1.4007500000000004,2.4953212726138467,0.6011250000000006
1.5,3.0,0.943174,-611968.0,0.95,0.6,1.4249999999999998,1.4007500000000004,2.4953212726138467,0.6011250000000006
2.2,1.0,0.939461,-392081.0,0.95,0.6875,2.09,1.4007500000000004,2.4953212726138467,0.8816500000000009
2.2,1.33333,0.939473,-484324.0,0.95,0.6875,2.09,1.4007500000000004,2.4953212726138467,0.8816500000000009
2.2,1.66667,0.939514,-563925.0,0.95,0.6875,2.09,1.4007500000000004,2.4953212726138467,0.8816500000000009
2.2,2.0,0.939587,-633318.0,0.95,0.6875,2.09,1.4007500000000004,2.4953212726138467,0.8816500000000009
2.2,2.33333,0.939693,-694347.0,0.95,0.6875,2.09,1.4007500000000004,2.4953212726138467,0.8816500000000009
2.2,2.66667,0.939828,-748442.0,0.95,0.6875,2.09,1.4007500000000004,2.4953212726138467,0.8816500000000009
2.2,3.0,0.939987,-796717.0,0.95,0.6875,2.09,1.4007500000000004,2.4953212726138467,0.8816500000000009
2.9,1.0,0.936339,-443147.0,0.95,0.7435897435897436,2.755,1.4007500000000004,2.4953212726138467,1.162175000000001
2.9,1.33333,0.936335,-553214.0,0.95,0.7435897435897436,2.755,1.4007500000000004,2.4953212726138467,1.162175000000001
2.9,1.66667,0.936367,-650095.0,0.95,0.7435897435897436,2.755,1.4007500000000004,2.4953212726138467,1.162175000000001
2.9,2.0,0.93644,-736025.0,0.95,0.7435897435897436,2.755,1.4007500000000004,2.4953212726138467,1.162175000000001
2.9,2.33333,0.936554,-812762.0,0.95,0.7435897435897436,2.755,1.4007500000000004,2.4953212726138467,1.162175000000001
2.9,2.66667,0.936707,-881705.0,0.95,0.7435897435897436,2.755,1.4007500000000004,2.4953212726138467,1.162175000000001
2.9,3.0,0.936892,-943986.0,0.95,0.7435897435897436,2.755,1.4007500000000004,2.4953212726138467,1.162175000000001
3.6,1.0,0.93344,-481447.0,0.95,0.782608695652174,3.42,1.4007500000000004,2.4953212726138467,1.4427000000000014
3.6,1.33333,0.933407,-605849.0,0.95,0.782608695652174,3.42,1.4007500000000004,2.4953212726138467,1.4427000000000014
3.6,1.66667,0.933417,-717021.0,0.95,0.782608695652174,3.42,1.4007500000000004,2.4953212726138467,1.4427000000000014
3.6,2.0,0.933476,-816948.0,0.95,0.782608695652174,3.42,1.4007500000000004,2.4953212726138467,1.4427000000000014
3.6,2.33333,0.933586,-907268.0,0.95,0.782608695652174,3.42,1.4007500000000004,2.4953212726138467,1.4427000000000014
3.6,2.66667,0.933742,-989298.0,0.95,0.782608695652174,3.42,1.4007500000000004,2.4953212726138467,1.4427000000000014
3.6,3.0,0.93394,-1060000.0,0.95,0.782608695652174,3.42,1.4007500000000004,2.4953212726138467,1.4427000000000014
4.3,1.0,0.930783,-511236.0,0.95,0.8113207547169812,4.085,1.4007500000000004,2.4953212726138467,1.7232250000000016
4.3,1.33333,0.930712,-647380.0,0.95,0.8113207547169812,4.085,1.4007500000000004,2.4953212726138467,1.7232250000000016
4.3,1.66667,0.930689,-770490.0,0.95,0.8113207547169812,4.085,1.4007500000000004,2.4953212726138467,1.7232250000000016
4.3,2.0,0.930724,-882353.0,0.95,0.8113207547169812,4.085,1.4007500000000004,2.4953212726138467,1.7232250000000016
4.3,2.33333,0.930817,-984443.0,0.95,0.8113207547169812,4.085,1.4007500000000004,2.4953212726138467,1.7232250000000016
4.3,2.66667,0.930965,-1080000.0,0.95,0.8113207547169812,4.085,1.4007500000000004,2.4953212726138467,1.7232250000000016
4.3,3.0,0.931162,-1160000.0,0.95,0.8113207547169812,4.085,1.4007500000000004,2.4953212726138467,1.7232250000000016
5.0,1.0,0.928371,-535068.0,0.95,0.8333333333333334,4.75,1.4007500000000004,2.4953212726138467,2.003750000000002
5.0,1.33333,0.928253,-680982.0,0.95,0.8333333333333334,4.75,1.4007500000000004,2.4953212726138467,2.003750000000002
5.0,1.66667,0.928191,-814195.0,0.95,0.8333333333333334,4.75,1.4007500000000004,2.4953212726138467,2.003750000000002
5.0,2.0,0.928193,-936317.0,0.95,0.8333333333333334,4.75,1.4007500000000004,2.4953212726138467,2.003750000000002
5.0,2.33333,0.928259,-1050000.0,0.95,0.8333333333333334,4.75,1.4007500000000004,2.4953212726138467,2.003750000000002
5.0,2.66667,0.928389,-1150000.0,0.95,0.8333333333333334,4.75,1.4007500000000004,2.4953212726138467,2.003750000000002
5.0,3.0,0.928574,-1250000.0,0.95,0.8333333333333334,4.75,1.4007500000000004,2.4953212726138467,2.003750000000002
